Object ID,Identification,Extracted Text,Summary
object_0,"This image likely contains a person (confidence: 1.00). Other possibilities include bicycle (0.00), car (0.00), motorcycle (0.00)",BMM,"Object ID: object_0 Identified as: This image likely contains a person (confidence: 1.00). Other possibilities include bicycle (0.00), car (0.00), motorcycle (0.00) Extracted text: BMM"
object_1,"This image likely contains a bird (confidence: 1.00). Other possibilities include person (0.00), bicycle (0.00), car (0.00)",,"Object ID: object_1 Identified as: This image likely contains a bird (confidence: 1.00). Other possibilities include person (0.00), bicycle (0.00), car (0.00) Extracted text:"
object_2,"This image likely contains a bird (confidence: 1.00). Other possibilities include person (0.00), bicycle (0.00), car (0.00)",,"Object ID: object_2 Identified as: This image likely contains a bird (confidence: 1.00). Other possibilities include person (0.00), bicycle (0.00), car (0.00) Extracted text:"
object_3,"This image likely contains a knife (confidence: 1.00). Other possibilities include person (0.00), car (0.00), motorcycle (0.00)",a,"Object ID: object_3 Identified as: This image likely contains a knife (confidence: 1.00). Other possibilities include person (0.00), car (0.00), motorcycle (0.00) Extracted text: a"
object_4,"This image likely contains a knife (confidence: 1.00). Other possibilities include bicycle (0.00), car (0.00), motorcycle (0.00)",11,"Object ID: object_4 Identified as: This image likely contains a knife (confidence: 1.00). Other possibilities include bicycle (0.00), car (0.00), motorcycle (0.00) Extracted text: 11"
object_5,"This image likely contains a bird (confidence: 1.00). Other possibilities include person (0.00), bicycle (0.00), car (0.00)",,"Object ID: object_5 Identified as: This image likely contains a bird (confidence: 1.00). Other possibilities include person (0.00), bicycle (0.00), car (0.00) Extracted text:"
object_6,"This image likely contains a person (confidence: 1.00). Other possibilities include knife (0.00), car (0.00), motorcycle (0.00)",m4p,"Object ID: object_6 Identified as: This image likely contains a person (confidence: 1.00). Other possibilities include knife (0.00), car (0.00), motorcycle (0.00) Extracted text: m4p"
object_7,"This image likely contains a bird (confidence: 1.00). Other possibilities include person (0.00), knife (0.00), car (0.00)",H,"Object ID: object_7 Identified as: This image likely contains a bird (confidence: 1.00). Other possibilities include person (0.00), knife (0.00), car (0.00) Extracted text: H"
object_8,"This image likely contains a person (confidence: 1.00). Other possibilities include knife (0.00), car (0.00), motorcycle (0.00)",<0,"Object ID: object_8 Identified as: This image likely contains a person (confidence: 1.00). Other possibilities include knife (0.00), car (0.00), motorcycle (0.00) Extracted text: <0"
object_9,"This image likely contains a person (confidence: 1.00). Other possibilities include bird (0.00), knife (0.00), car (0.00)",,"Object ID: object_9 Identified as: This image likely contains a person (confidence: 1.00). Other possibilities include bird (0.00), knife (0.00), car (0.00) Extracted text:"
object_10,"This image likely contains a person (confidence: 1.00). Other possibilities include dog (0.00), knife (0.00), car (0.00)",,"Object ID: object_10 Identified as: This image likely contains a person (confidence: 1.00). Other possibilities include dog (0.00), knife (0.00), car (0.00) Extracted text:"
object_11,"This image likely contains a person (confidence: 1.00). Other possibilities include knife (0.00), car (0.00), motorcycle (0.00)",,"Object ID: object_11 Identified as: This image likely contains a person (confidence: 1.00). Other possibilities include knife (0.00), car (0.00), motorcycle (0.00) Extracted text:"
object_12,"This image likely contains a person (confidence: 1.00). Other possibilities include knife (0.00), car (0.00), motorcycle (0.00)",1JJlJlJIIJJIJl mYOT5ta LHHHHHHHm`tt WilM Dbb,"Object ID: object_12 Identified as: This image likely contains a person (confidence: 1.00). Other possibilities include knife (0.00), car (0.00), motorcycle (0.00) Extracted text: 1JJlJlJIIJJIJl mYOT5ta LHHHHHHHm`tt WilM Dbb"
object_13,"This image likely contains a knife (confidence: 1.00). Other possibilities include bicycle (0.00), car (0.00), motorcycle (0.00)",Pe ,"Object ID: object_13 Identified as: This image likely contains a knife (confidence: 1.00). Other possibilities include bicycle (0.00), car (0.00), motorcycle (0.00) Extracted text: Pe"
object_14,"This image likely contains a knife (confidence: 1.00). Other possibilities include bicycle (0.00), car (0.00), motorcycle (0.00)",Q'e)),"Object ID: object_14 Identified as: This image likely contains a knife (confidence: 1.00). Other possibilities include bicycle (0.00), car (0.00), motorcycle (0.00) Extracted text: Q'e))"
